"cohort","parameter","HR_CrI","Pr_HR_gt_1"
"Full","b_contrast_enhancingI1","22.06 (10.47, 53.18)","1.000"
"Full","b_age_atDiag45","1.01 (1.00, 1.03)","0.852"
"Full","b_vol_diag_centered","1.00 (1.00, 1.01)","0.806"
"IDH-mutant","b_contrast_enhancingI1","92.16 (26.89, 415.78)","1.000"
"IDH-mutant","b_age_atDiag45","1.00 (0.96, 1.01)","0.245"
"IDH-mutant","b_vol_diag_centered","1.00 (1.00, 1.01)","0.853"
"IDH-wildtype","b_contrast_enhancingI1","10.20 (0.99, 168.36)","0.924"
"IDH-wildtype","b_age_atDiag45","1.06 (1.01, 1.13)","0.996"
"IDH-wildtype","b_vol_diag_centered","1.00 (0.99, 1.02)","0.605"
